﻿StateName,StateAbbrev,DataLevel,Charter,SchoolName,SchoolType,NCESSchoolID,StateAssignedSchoolID,DistrictName,DistrictType,NCESDistrictID,StateAssignedDistrictID,EnrollmentTotal,TimePeriodInterval,TimePeriodStart,TimePeriodEnd,LearningModel,LearningModelGrK5,LearningModelGr68,LearningModelGr912,LearningModelStateCat,LearningModelStateCatGrK5,LearningModelStateCatGr68,LearningModelStateCatGr912,EnrollmentInPerson,EnrollmentHybrid,EnrollmentVirtual,StaffCount,StaffCountInPerson
District of Columbia,DC,District,No,,,,,District of Columbia Public Schools,Regular local school district,1100030,1,43722,Quarterly,8/31/20,11/8/20,Virtual,,,,,,,,,,,,
District of Columbia,DC,District,No,,,,,District of Columbia Public Schools,Regular local school district,1100030,1,43722,Quarterly,11/9/20,1/29/21,Virtual,,,,,,,,,,,,
District of Columbia,DC,District,No,,,,,District of Columbia Public Schools,Regular local school district,1100030,1,43722,Quarterly,2/1/21,4/18/21,Hybrid,,,,,,,,10300,,,,5500
District of Columbia,DC,District,No,,,,,District of Columbia Public Schools,Regular local school district,1100030,1,43722,Quarterly,4/26/21,6/25/21,Hybrid,,,,,,,,14671,,,,4795
